experiment_id,config_sha256,corpus,model,seed,n_topics,n_documents,document_ids_sha256,ingest_preprocess_seconds_shared,encoder_model_load_seconds_shared,representation_seconds_cold_reference,representation_reference_path,representation_kind,fit_seconds,pipeline_seconds,total_cold_seconds,metric_seconds,status,error,wec_in,topic_diversity,c_npmi,alphabetic_term_rate,topic_count_returned,min_topic_term_count,method,corpus_label
s3-cafebert-vietnamese-full-v1,4bbba1f8131d9c8ed741219255d2985be219ecc9b9368ad84e025bcac1cd840b,vi-medical,bertopic_kmeans,42,10,12060,15f5601e6cb64d461ded353f61131a7395abd361ca4fce9959f42a19b966d614,1.9639413500008231,4.211881200011703,2352.0463494,E:\Development\NLP_S3\benchmark\cafebert_full\results\representation_cache\vi-medical_12060_c06dda5b014702137f7d.npy,cafebert_mean_encode,9.595864499991876,2361.6422138999915,2367.818036450004,0.827218599995831,ok,,0.4707301231101155,0.5,-0.3581744574258273,1.0,10,10,BERTopic + UMAP + KMeans,ViMedical Disease
s3-cafebert-vietnamese-full-v1,4bbba1f8131d9c8ed741219255d2985be219ecc9b9368ad84e025bcac1cd840b,vi-medical,bertopic_kmeans,42,20,12060,15f5601e6cb64d461ded353f61131a7395abd361ca4fce9959f42a19b966d614,1.9639413500008231,4.211881200011703,2352.0463494,E:\Development\NLP_S3\benchmark\cafebert_full\results\representation_cache\vi-medical_12060_c06dda5b014702137f7d.npy,cafebert_mean_encode,10.061404200008838,2362.1077536000084,2368.283576150021,0.592172999997274,ok,,0.422082498203963,0.49,-0.3475001465757875,1.0,20,10,BERTopic + UMAP + KMeans,ViMedical Disease
s3-cafebert-vietnamese-full-v1,4bbba1f8131d9c8ed741219255d2985be219ecc9b9368ad84e025bcac1cd840b,vi-medical,bertopic_kmeans,42,30,12060,15f5601e6cb64d461ded353f61131a7395abd361ca4fce9959f42a19b966d614,1.9639413500008231,4.211881200011703,2352.0463494,E:\Development\NLP_S3\benchmark\cafebert_full\results\representation_cache\vi-medical_12060_c06dda5b014702137f7d.npy,cafebert_mean_encode,9.331023600010669,2361.3773730000103,2367.553195550023,0.7580660000094213,ok,,0.4151285939539472,0.4766666666666667,-0.2991093967922903,1.0,30,10,BERTopic + UMAP + KMeans,ViMedical Disease
s3-cafebert-vietnamese-full-v1,4bbba1f8131d9c8ed741219255d2985be219ecc9b9368ad84e025bcac1cd840b,vi-medical,bertopic_kmeans,42,40,12060,15f5601e6cb64d461ded353f61131a7395abd361ca4fce9959f42a19b966d614,1.9639413500008231,4.211881200011703,2352.0463494,E:\Development\NLP_S3\benchmark\cafebert_full\results\representation_cache\vi-medical_12060_c06dda5b014702137f7d.npy,cafebert_mean_encode,9.11992399999872,2361.1662733999983,2367.342095950011,0.6901095999928657,ok,,0.4182049269477526,0.465,-0.1581679771864905,1.0,40,10,BERTopic + UMAP + KMeans,ViMedical Disease
s3-cafebert-vietnamese-full-v1,4bbba1f8131d9c8ed741219255d2985be219ecc9b9368ad84e025bcac1cd840b,vi-medical,bertopic_kmeans,42,50,12060,15f5601e6cb64d461ded353f61131a7395abd361ca4fce9959f42a19b966d614,1.9639413500008231,4.211881200011703,2352.0463494,E:\Development\NLP_S3\benchmark\cafebert_full\results\representation_cache\vi-medical_12060_c06dda5b014702137f7d.npy,cafebert_mean_encode,10.132295000003069,2362.1786444000027,2368.354466950015,0.800524200007203,ok,,0.4328353151679039,0.426,-0.1551323541687214,1.0,50,10,BERTopic + UMAP + KMeans,ViMedical Disease
s3-cafebert-vietnamese-full-v1,4bbba1f8131d9c8ed741219255d2985be219ecc9b9368ad84e025bcac1cd840b,vi-medical,lda,42,10,12060,15f5601e6cb64d461ded353f61131a7395abd361ca4fce9959f42a19b966d614,1.9639413500008231,0.0,0.3336284999968484,E:\Development\NLP_S3\benchmark\cafebert_full\results\representation_cache\vi-medical_12060_15f5601e6cb6_lexical.npz,countvectorizer_fit_transform,18.652725099993404,18.98635359999025,20.95029494999108,1.2529046999989075,ok,,0.2064279854297638,0.37,0.1291571225131869,1.0,10,10,LDA,ViMedical Disease
s3-cafebert-vietnamese-full-v1,4bbba1f8131d9c8ed741219255d2985be219ecc9b9368ad84e025bcac1cd840b,vi-medical,lda,42,20,12060,15f5601e6cb64d461ded353f61131a7395abd361ca4fce9959f42a19b966d614,1.9639413500008231,0.0,0.3336284999968484,E:\Development\NLP_S3\benchmark\cafebert_full\results\representation_cache\vi-medical_12060_15f5601e6cb6_lexical.npz,countvectorizer_fit_transform,17.680966500003706,18.014595000000558,19.978536350001377,1.7131182000011904,ok,,0.1619287133216858,0.285,0.1200425233595898,1.0,20,10,LDA,ViMedical Disease
s3-cafebert-vietnamese-full-v1,4bbba1f8131d9c8ed741219255d2985be219ecc9b9368ad84e025bcac1cd840b,vi-medical,lda,42,30,12060,15f5601e6cb64d461ded353f61131a7395abd361ca4fce9959f42a19b966d614,1.9639413500008231,0.0,0.3336284999968484,E:\Development\NLP_S3\benchmark\cafebert_full\results\representation_cache\vi-medical_12060_15f5601e6cb6_lexical.npz,countvectorizer_fit_transform,17.436887599993497,17.770516099990346,19.73445744999117,1.540947600005893,ok,,0.1650640758375327,0.2666666666666666,0.0822568354500205,0.9933333333333332,30,10,LDA,ViMedical Disease
s3-cafebert-vietnamese-full-v1,4bbba1f8131d9c8ed741219255d2985be219ecc9b9368ad84e025bcac1cd840b,vi-medical,lda,42,40,12060,15f5601e6cb64d461ded353f61131a7395abd361ca4fce9959f42a19b966d614,1.9639413500008231,0.0,0.3336284999968484,E:\Development\NLP_S3\benchmark\cafebert_full\results\representation_cache\vi-medical_12060_15f5601e6cb6_lexical.npz,countvectorizer_fit_transform,17.32781960000284,17.66144809999969,19.62538945000051,1.6366345999995249,ok,,0.1606999220326543,0.305,0.1039065266468065,0.9975,40,10,LDA,ViMedical Disease
s3-cafebert-vietnamese-full-v1,4bbba1f8131d9c8ed741219255d2985be219ecc9b9368ad84e025bcac1cd840b,vi-medical,lda,42,50,12060,15f5601e6cb64d461ded353f61131a7395abd361ca4fce9959f42a19b966d614,1.9639413500008231,0.0,0.3336284999968484,E:\Development\NLP_S3\benchmark\cafebert_full\results\representation_cache\vi-medical_12060_15f5601e6cb6_lexical.npz,countvectorizer_fit_transform,17.694086799994693,18.02771529999154,19.991656649992365,1.7446573000052013,ok,,0.1623025922477245,0.286,0.1123729056082083,0.998,50,10,LDA,ViMedical Disease
s3-cafebert-vietnamese-full-v1,4bbba1f8131d9c8ed741219255d2985be219ecc9b9368ad84e025bcac1cd840b,vi-medical,nmf,42,10,12060,15f5601e6cb64d461ded353f61131a7395abd361ca4fce9959f42a19b966d614,1.9639413500008231,0.0,0.3336284999968484,E:\Development\NLP_S3\benchmark\cafebert_full\results\representation_cache\vi-medical_12060_15f5601e6cb6_lexical.npz,countvectorizer_fit_transform,0.5931854999944335,0.926813999991282,2.890755349992105,1.3878752999880817,ok,,0.1786482617259025,0.45,0.0905381611324979,1.0,10,10,NMF,ViMedical Disease
s3-cafebert-vietnamese-full-v1,4bbba1f8131d9c8ed741219255d2985be219ecc9b9368ad84e025bcac1cd840b,vi-medical,nmf,42,20,12060,15f5601e6cb64d461ded353f61131a7395abd361ca4fce9959f42a19b966d614,1.9639413500008231,0.0,0.3336284999968484,E:\Development\NLP_S3\benchmark\cafebert_full\results\representation_cache\vi-medical_12060_15f5601e6cb6_lexical.npz,countvectorizer_fit_transform,2.8178470999991987,3.151475599996047,5.11541694999687,1.8749408000003316,ok,,0.2932899966835975,0.535,0.0955749815811212,1.0,20,10,NMF,ViMedical Disease
s3-cafebert-vietnamese-full-v1,4bbba1f8131d9c8ed741219255d2985be219ecc9b9368ad84e025bcac1cd840b,vi-medical,nmf,42,30,12060,15f5601e6cb64d461ded353f61131a7395abd361ca4fce9959f42a19b966d614,1.9639413500008231,0.0,0.3336284999968484,E:\Development\NLP_S3\benchmark\cafebert_full\results\representation_cache\vi-medical_12060_15f5601e6cb6_lexical.npz,countvectorizer_fit_transform,3.202822899998864,3.536451399995713,5.500392749996536,1.6302105000067968,ok,,0.329992913454771,0.49,0.1019259275632895,1.0,30,10,NMF,ViMedical Disease
s3-cafebert-vietnamese-full-v1,4bbba1f8131d9c8ed741219255d2985be219ecc9b9368ad84e025bcac1cd840b,vi-medical,nmf,42,40,12060,15f5601e6cb64d461ded353f61131a7395abd361ca4fce9959f42a19b966d614,1.9639413500008231,0.0,0.3336284999968484,E:\Development\NLP_S3\benchmark\cafebert_full\results\representation_cache\vi-medical_12060_15f5601e6cb6_lexical.npz,countvectorizer_fit_transform,3.691281399995205,4.024909899992053,5.9888512499928765,1.8784808999917004,ok,,0.3698383202776313,0.53,0.090391816747769,1.0,40,10,NMF,ViMedical Disease
s3-cafebert-vietnamese-full-v1,4bbba1f8131d9c8ed741219255d2985be219ecc9b9368ad84e025bcac1cd840b,vi-medical,nmf,42,50,12060,15f5601e6cb64d461ded353f61131a7395abd361ca4fce9959f42a19b966d614,1.9639413500008231,0.0,0.3336284999968484,E:\Development\NLP_S3\benchmark\cafebert_full\results\representation_cache\vi-medical_12060_15f5601e6cb6_lexical.npz,countvectorizer_fit_transform,8.503947900011553,8.837576400008402,10.801517750009223,1.9614747000014177,ok,,0.4019729512929916,0.532,0.0817736389843252,1.0,50,10,NMF,ViMedical Disease
s3-cafebert-vietnamese-full-v1,4bbba1f8131d9c8ed741219255d2985be219ecc9b9368ad84e025bcac1cd840b,vi-medical,s3_angular,42,10,12060,15f5601e6cb64d461ded353f61131a7395abd361ca4fce9959f42a19b966d614,1.9639413500008231,4.211881200011703,2352.0463494,E:\Development\NLP_S3\benchmark\cafebert_full\results\representation_cache\vi-medical_12060_c06dda5b014702137f7d.npy,cafebert_mean_encode,5.246182899994892,2357.2925322999945,2363.468354850007,0.9757336000038777,ok,,0.4935158371925354,0.72,-0.3979533127814183,0.99,10,10,S³ angular,ViMedical Disease
s3-cafebert-vietnamese-full-v1,4bbba1f8131d9c8ed741219255d2985be219ecc9b9368ad84e025bcac1cd840b,vi-medical,s3_angular,42,20,12060,15f5601e6cb64d461ded353f61131a7395abd361ca4fce9959f42a19b966d614,1.9639413500008231,4.211881200011703,2352.0463494,E:\Development\NLP_S3\benchmark\cafebert_full\results\representation_cache\vi-medical_12060_c06dda5b014702137f7d.npy,cafebert_mean_encode,5.064501100001507,2357.110850500001,2363.2866730500136,1.2030597999983002,ok,,0.5127386897802353,0.81,-0.4089366075071926,1.0,20,10,S³ angular,ViMedical Disease
s3-cafebert-vietnamese-full-v1,4bbba1f8131d9c8ed741219255d2985be219ecc9b9368ad84e025bcac1cd840b,vi-medical,s3_angular,42,30,12060,15f5601e6cb64d461ded353f61131a7395abd361ca4fce9959f42a19b966d614,1.9639413500008231,4.211881200011703,2352.0463494,E:\Development\NLP_S3\benchmark\cafebert_full\results\representation_cache\vi-medical_12060_c06dda5b014702137f7d.npy,cafebert_mean_encode,9.073471899988364,2361.119821299988,2367.2956438500005,1.2260327999974834,ok,,0.5526917239030202,0.8333333333333334,-0.4263933385009307,0.9933333333333332,30,10,S³ angular,ViMedical Disease
s3-cafebert-vietnamese-full-v1,4bbba1f8131d9c8ed741219255d2985be219ecc9b9368ad84e025bcac1cd840b,vi-medical,s3_angular,42,40,12060,15f5601e6cb64d461ded353f61131a7395abd361ca4fce9959f42a19b966d614,1.9639413500008231,4.211881200011703,2352.0463494,E:\Development\NLP_S3\benchmark\cafebert_full\results\representation_cache\vi-medical_12060_c06dda5b014702137f7d.npy,cafebert_mean_encode,5.499404400005005,2357.5457538000046,2363.721576350017,1.3572797999950126,ok,,0.5308072209358216,0.755,-0.401995710792942,1.0,40,10,S³ angular,ViMedical Disease
s3-cafebert-vietnamese-full-v1,4bbba1f8131d9c8ed741219255d2985be219ecc9b9368ad84e025bcac1cd840b,vi-medical,s3_angular,42,50,12060,15f5601e6cb64d461ded353f61131a7395abd361ca4fce9959f42a19b966d614,1.9639413500008231,4.211881200011703,2352.0463494,E:\Development\NLP_S3\benchmark\cafebert_full\results\representation_cache\vi-medical_12060_c06dda5b014702137f7d.npy,cafebert_mean_encode,9.823925299977418,2361.870274699977,2368.046097249989,1.450430900003994,ok,,0.5405824494361877,0.73,-0.4211294580371929,0.998,50,10,S³ angular,ViMedical Disease
s3-cafebert-vietnamese-full-v1,4bbba1f8131d9c8ed741219255d2985be219ecc9b9368ad84e025bcac1cd840b,vi-medical,s3_axial,42,10,12060,15f5601e6cb64d461ded353f61131a7395abd361ca4fce9959f42a19b966d614,1.9639413500008231,4.211881200011703,2352.0463494,E:\Development\NLP_S3\benchmark\cafebert_full\results\representation_cache\vi-medical_12060_c06dda5b014702137f7d.npy,cafebert_mean_encode,5.24535769999784,2357.291707099997,2363.46752965001,1.1260616999934427,ok,,0.4832851588726043,0.8,-0.4002281825240219,1.0,10,10,S³ axial,ViMedical Disease
s3-cafebert-vietnamese-full-v1,4bbba1f8131d9c8ed741219255d2985be219ecc9b9368ad84e025bcac1cd840b,vi-medical,s3_axial,42,20,12060,15f5601e6cb64d461ded353f61131a7395abd361ca4fce9959f42a19b966d614,1.9639413500008231,4.211881200011703,2352.0463494,E:\Development\NLP_S3\benchmark\cafebert_full\results\representation_cache\vi-medical_12060_c06dda5b014702137f7d.npy,cafebert_mean_encode,5.063588000004529,2357.109937400004,2363.2857599500167,0.9715728000010132,ok,,0.5178207322955132,0.785,-0.4036275828085734,1.0,20,10,S³ axial,ViMedical Disease
s3-cafebert-vietnamese-full-v1,4bbba1f8131d9c8ed741219255d2985be219ecc9b9368ad84e025bcac1cd840b,vi-medical,s3_axial,42,30,12060,15f5601e6cb64d461ded353f61131a7395abd361ca4fce9959f42a19b966d614,1.9639413500008231,4.211881200011703,2352.0463494,E:\Development\NLP_S3\benchmark\cafebert_full\results\representation_cache\vi-medical_12060_c06dda5b014702137f7d.npy,cafebert_mean_encode,9.072404199992889,2361.1187535999925,2367.294576150005,1.1262833999935538,ok,,0.5399324814478557,0.79,-0.42036673508727,1.0,30,10,S³ axial,ViMedical Disease
s3-cafebert-vietnamese-full-v1,4bbba1f8131d9c8ed741219255d2985be219ecc9b9368ad84e025bcac1cd840b,vi-medical,s3_axial,42,40,12060,15f5601e6cb64d461ded353f61131a7395abd361ca4fce9959f42a19b966d614,1.9639413500008231,4.211881200011703,2352.0463494,E:\Development\NLP_S3\benchmark\cafebert_full\results\representation_cache\vi-medical_12060_c06dda5b014702137f7d.npy,cafebert_mean_encode,5.498359900011565,2357.544709300011,2363.720531850024,1.4103043000068285,ok,,0.5339982703328132,0.7175,-0.4048807888857199,1.0,40,10,S³ axial,ViMedical Disease
s3-cafebert-vietnamese-full-v1,4bbba1f8131d9c8ed741219255d2985be219ecc9b9368ad84e025bcac1cd840b,vi-medical,s3_axial,42,50,12060,15f5601e6cb64d461ded353f61131a7395abd361ca4fce9959f42a19b966d614,1.9639413500008231,4.211881200011703,2352.0463494,E:\Development\NLP_S3\benchmark\cafebert_full\results\representation_cache\vi-medical_12060_c06dda5b014702137f7d.npy,cafebert_mean_encode,9.824804599993511,2361.871153999993,2368.0469765500056,1.4860203999996884,ok,,0.5407739478349686,0.65,-0.4343439843493595,0.998,50,10,S³ axial,ViMedical Disease
s3-cafebert-vietnamese-full-v1,4bbba1f8131d9c8ed741219255d2985be219ecc9b9368ad84e025bcac1cd840b,vi-medical,s3_combined,42,10,12060,15f5601e6cb64d461ded353f61131a7395abd361ca4fce9959f42a19b966d614,1.9639413500008231,4.211881200011703,2352.0463494,E:\Development\NLP_S3\benchmark\cafebert_full\results\representation_cache\vi-medical_12060_c06dda5b014702137f7d.npy,cafebert_mean_encode,5.246151499988628,2357.292500899988,2363.4683234500008,0.976083599991398,ok,,0.4708421975374222,0.79,-0.394040771681289,1.0,10,10,S³ combined,ViMedical Disease
s3-cafebert-vietnamese-full-v1,4bbba1f8131d9c8ed741219255d2985be219ecc9b9368ad84e025bcac1cd840b,vi-medical,s3_combined,42,20,12060,15f5601e6cb64d461ded353f61131a7395abd361ca4fce9959f42a19b966d614,1.9639413500008231,4.211881200011703,2352.0463494,E:\Development\NLP_S3\benchmark\cafebert_full\results\representation_cache\vi-medical_12060_c06dda5b014702137f7d.npy,cafebert_mean_encode,5.064478900007089,2357.1108283000067,2363.286650850019,1.534977200004505,ok,,0.509970323741436,0.79,-0.4033809413987037,1.0,20,10,S³ combined,ViMedical Disease
s3-cafebert-vietnamese-full-v1,4bbba1f8131d9c8ed741219255d2985be219ecc9b9368ad84e025bcac1cd840b,vi-medical,s3_combined,42,30,12060,15f5601e6cb64d461ded353f61131a7395abd361ca4fce9959f42a19b966d614,1.9639413500008231,4.211881200011703,2352.0463494,E:\Development\NLP_S3\benchmark\cafebert_full\results\representation_cache\vi-medical_12060_c06dda5b014702137f7d.npy,cafebert_mean_encode,9.0732915999979,2361.119640999997,2367.29546355001,1.0894832000049064,ok,,0.5471669852733612,0.8,-0.4220463043075751,1.0,30,10,S³ combined,ViMedical Disease
s3-cafebert-vietnamese-full-v1,4bbba1f8131d9c8ed741219255d2985be219ecc9b9368ad84e025bcac1cd840b,vi-medical,s3_combined,42,40,12060,15f5601e6cb64d461ded353f61131a7395abd361ca4fce9959f42a19b966d614,1.9639413500008231,4.211881200011703,2352.0463494,E:\Development\NLP_S3\benchmark\cafebert_full\results\representation_cache\vi-medical_12060_c06dda5b014702137f7d.npy,cafebert_mean_encode,5.4993726999964565,2357.545722099996,2363.7215446500086,1.327887499995995,ok,,0.531467143446207,0.7375,-0.3975109083897427,1.0,40,10,S³ combined,ViMedical Disease
s3-cafebert-vietnamese-full-v1,4bbba1f8131d9c8ed741219255d2985be219ecc9b9368ad84e025bcac1cd840b,vi-medical,s3_combined,42,50,12060,15f5601e6cb64d461ded353f61131a7395abd361ca4fce9959f42a19b966d614,1.9639413500008231,4.211881200011703,2352.0463494,E:\Development\NLP_S3\benchmark\cafebert_full\results\representation_cache\vi-medical_12060_c06dda5b014702137f7d.npy,cafebert_mean_encode,9.82447529998899,2361.8708246999886,2368.046647250001,1.3242845000058878,ok,,0.5396755599975586,0.68,-0.4274413300795242,0.998,50,10,S³ combined,ViMedical Disease
s3-cafebert-vietnamese-full-v1,4bbba1f8131d9c8ed741219255d2985be219ecc9b9368ad84e025bcac1cd840b,vietnamese-news,bertopic_kmeans,42,10,858,4a69f5df5cc5cee9d68d807eca0f7d5d3c4bd2c42a1637f8e83d3247819a1c7d,1.9639413500008231,4.211881200011703,93.08472159999656,E:\Development\NLP_S3\benchmark\cafebert_full\results\representation_cache\vietnamese-news_858_3de6721497631976a304.npy,cafebert_mean_encode,1.8968848999938928,94.98160649999043,101.15742905000296,0.0333179000008385,ok,,0.9662136104371812,0.8,-0.1032593446102872,1.0,10,10,BERTopic + UMAP + KMeans,Vietnamese-news
s3-cafebert-vietnamese-full-v1,4bbba1f8131d9c8ed741219255d2985be219ecc9b9368ad84e025bcac1cd840b,vietnamese-news,bertopic_kmeans,42,20,858,4a69f5df5cc5cee9d68d807eca0f7d5d3c4bd2c42a1637f8e83d3247819a1c7d,1.9639413500008231,4.211881200011703,93.08472159999656,E:\Development\NLP_S3\benchmark\cafebert_full\results\representation_cache\vietnamese-news_858_3de6721497631976a304.npy,cafebert_mean_encode,1.951224000004004,95.03594560000056,101.21176815001309,0.0357437999919056,ok,,0.9515892221377448,0.675,-0.2794672879358041,1.0,20,10,BERTopic + UMAP + KMeans,Vietnamese-news
s3-cafebert-vietnamese-full-v1,4bbba1f8131d9c8ed741219255d2985be219ecc9b9368ad84e025bcac1cd840b,vietnamese-news,bertopic_kmeans,42,30,858,4a69f5df5cc5cee9d68d807eca0f7d5d3c4bd2c42a1637f8e83d3247819a1c7d,1.9639413500008231,4.211881200011703,93.08472159999656,E:\Development\NLP_S3\benchmark\cafebert_full\results\representation_cache\vietnamese-news_858_3de6721497631976a304.npy,cafebert_mean_encode,1.962100000004284,95.04682160000084,101.22264415001337,0.0394060999969951,ok,,0.9658294642965,0.5633333333333334,-0.0876068517702549,1.0,30,10,BERTopic + UMAP + KMeans,Vietnamese-news
s3-cafebert-vietnamese-full-v1,4bbba1f8131d9c8ed741219255d2985be219ecc9b9368ad84e025bcac1cd840b,vietnamese-news,bertopic_kmeans,42,40,858,4a69f5df5cc5cee9d68d807eca0f7d5d3c4bd2c42a1637f8e83d3247819a1c7d,1.9639413500008231,4.211881200011703,93.08472159999656,E:\Development\NLP_S3\benchmark\cafebert_full\results\representation_cache\vietnamese-news_858_3de6721497631976a304.npy,cafebert_mean_encode,2.1433300000062445,95.2280516000028,101.40387415001533,0.0429999999905703,ok,,0.9540394004434348,0.5125,0.0021825754318476,0.9975,40,10,BERTopic + UMAP + KMeans,Vietnamese-news
s3-cafebert-vietnamese-full-v1,4bbba1f8131d9c8ed741219255d2985be219ecc9b9368ad84e025bcac1cd840b,vietnamese-news,bertopic_kmeans,42,50,858,4a69f5df5cc5cee9d68d807eca0f7d5d3c4bd2c42a1637f8e83d3247819a1c7d,1.9639413500008231,4.211881200011703,93.08472159999656,E:\Development\NLP_S3\benchmark\cafebert_full\results\representation_cache\vietnamese-news_858_3de6721497631976a304.npy,cafebert_mean_encode,1.9837275000027148,95.06844909999928,101.2442716500118,0.0423155000025872,ok,,0.944305693230978,0.442,-0.0310497801241096,0.99,50,10,BERTopic + UMAP + KMeans,Vietnamese-news
s3-cafebert-vietnamese-full-v1,4bbba1f8131d9c8ed741219255d2985be219ecc9b9368ad84e025bcac1cd840b,vietnamese-news,lda,42,10,858,4a69f5df5cc5cee9d68d807eca0f7d5d3c4bd2c42a1637f8e83d3247819a1c7d,1.9639413500008231,0.0,0.0068104999954812,E:\Development\NLP_S3\benchmark\cafebert_full\results\representation_cache\vietnamese-news_858_4a69f5df5cc5_lexical.npz,countvectorizer_fit_transform,0.6238656000059564,0.6306761000014376,2.5946174500022607,0.0757360999996308,ok,,0.998399019241333,0.74,0.0578450023545831,1.0,10,10,LDA,Vietnamese-news
s3-cafebert-vietnamese-full-v1,4bbba1f8131d9c8ed741219255d2985be219ecc9b9368ad84e025bcac1cd840b,vietnamese-news,lda,42,20,858,4a69f5df5cc5cee9d68d807eca0f7d5d3c4bd2c42a1637f8e83d3247819a1c7d,1.9639413500008231,0.0,0.0068104999954812,E:\Development\NLP_S3\benchmark\cafebert_full\results\representation_cache\vietnamese-news_858_4a69f5df5cc5_lexical.npz,countvectorizer_fit_transform,0.5771112000074936,0.5839217000029748,2.547863050003798,0.1292947000038111,ok,,0.997585904598236,0.64,0.0793167697110703,1.0,20,10,LDA,Vietnamese-news
s3-cafebert-vietnamese-full-v1,4bbba1f8131d9c8ed741219255d2985be219ecc9b9368ad84e025bcac1cd840b,vietnamese-news,lda,42,30,858,4a69f5df5cc5cee9d68d807eca0f7d5d3c4bd2c42a1637f8e83d3247819a1c7d,1.9639413500008231,0.0,0.0068104999954812,E:\Development\NLP_S3\benchmark\cafebert_full\results\representation_cache\vietnamese-news_858_4a69f5df5cc5_lexical.npz,countvectorizer_fit_transform,0.6564593000075547,0.6632698000030359,2.627211150003859,0.1637695999961579,ok,,0.9969757695992788,0.5966666666666667,0.127089554439796,1.0,30,10,LDA,Vietnamese-news
s3-cafebert-vietnamese-full-v1,4bbba1f8131d9c8ed741219255d2985be219ecc9b9368ad84e025bcac1cd840b,vietnamese-news,lda,42,40,858,4a69f5df5cc5cee9d68d807eca0f7d5d3c4bd2c42a1637f8e83d3247819a1c7d,1.9639413500008231,0.0,0.0068104999954812,E:\Development\NLP_S3\benchmark\cafebert_full\results\representation_cache\vietnamese-news_858_4a69f5df5cc5_lexical.npz,countvectorizer_fit_transform,0.5806337999965763,0.5874442999920575,2.5513856499928806,0.1989891999983228,ok,,0.9967392683029176,0.51,0.1448281086611761,1.0,40,10,LDA,Vietnamese-news
s3-cafebert-vietnamese-full-v1,4bbba1f8131d9c8ed741219255d2985be219ecc9b9368ad84e025bcac1cd840b,vietnamese-news,lda,42,50,858,4a69f5df5cc5cee9d68d807eca0f7d5d3c4bd2c42a1637f8e83d3247819a1c7d,1.9639413500008231,0.0,0.0068104999954812,E:\Development\NLP_S3\benchmark\cafebert_full\results\representation_cache\vietnamese-news_858_4a69f5df5cc5_lexical.npz,countvectorizer_fit_transform,0.594870599990827,0.6016810999863083,2.5656224499871314,0.223090500003309,ok,,0.9966860175132752,0.45,0.1168128477276765,1.0,50,10,LDA,Vietnamese-news
s3-cafebert-vietnamese-full-v1,4bbba1f8131d9c8ed741219255d2985be219ecc9b9368ad84e025bcac1cd840b,vietnamese-news,nmf,42,10,858,4a69f5df5cc5cee9d68d807eca0f7d5d3c4bd2c42a1637f8e83d3247819a1c7d,1.9639413500008231,0.0,0.0068104999954812,E:\Development\NLP_S3\benchmark\cafebert_full\results\representation_cache\vietnamese-news_858_4a69f5df5cc5_lexical.npz,countvectorizer_fit_transform,0.0184815000102389,0.0252920000057201,1.9892333500065436,0.0701699999917764,ok,,0.997777670621872,0.82,0.144138580404597,1.0,10,10,NMF,Vietnamese-news
s3-cafebert-vietnamese-full-v1,4bbba1f8131d9c8ed741219255d2985be219ecc9b9368ad84e025bcac1cd840b,vietnamese-news,nmf,42,20,858,4a69f5df5cc5cee9d68d807eca0f7d5d3c4bd2c42a1637f8e83d3247819a1c7d,1.9639413500008231,0.0,0.0068104999954812,E:\Development\NLP_S3\benchmark\cafebert_full\results\representation_cache\vietnamese-news_858_4a69f5df5cc5_lexical.npz,countvectorizer_fit_transform,0.0554500999860465,0.0622605999815277,2.026201949982351,0.1167831999919144,ok,,0.99729582965374,0.735,0.2168969355638769,1.0,20,10,NMF,Vietnamese-news
s3-cafebert-vietnamese-full-v1,4bbba1f8131d9c8ed741219255d2985be219ecc9b9368ad84e025bcac1cd840b,vietnamese-news,nmf,42,30,858,4a69f5df5cc5cee9d68d807eca0f7d5d3c4bd2c42a1637f8e83d3247819a1c7d,1.9639413500008231,0.0,0.0068104999954812,E:\Development\NLP_S3\benchmark\cafebert_full\results\representation_cache\vietnamese-news_858_4a69f5df5cc5_lexical.npz,countvectorizer_fit_transform,0.1128172000026097,0.1196276999980909,2.083569049998914,0.1656182000006083,ok,,0.9964803596337636,0.64,0.1575144274136816,1.0,30,10,NMF,Vietnamese-news
s3-cafebert-vietnamese-full-v1,4bbba1f8131d9c8ed741219255d2985be219ecc9b9368ad84e025bcac1cd840b,vietnamese-news,nmf,42,40,858,4a69f5df5cc5cee9d68d807eca0f7d5d3c4bd2c42a1637f8e83d3247819a1c7d,1.9639413500008231,0.0,0.0068104999954812,E:\Development\NLP_S3\benchmark\cafebert_full\results\representation_cache\vietnamese-news_858_4a69f5df5cc5_lexical.npz,countvectorizer_fit_transform,0.2020231000060448,0.208833600001526,2.172774950002349,0.212289499992039,ok,,0.9960219606757164,0.5425,0.1285100240761549,1.0,40,10,NMF,Vietnamese-news
s3-cafebert-vietnamese-full-v1,4bbba1f8131d9c8ed741219255d2985be219ecc9b9368ad84e025bcac1cd840b,vietnamese-news,nmf,42,50,858,4a69f5df5cc5cee9d68d807eca0f7d5d3c4bd2c42a1637f8e83d3247819a1c7d,1.9639413500008231,0.0,0.0068104999954812,E:\Development\NLP_S3\benchmark\cafebert_full\results\representation_cache\vietnamese-news_858_4a69f5df5cc5_lexical.npz,countvectorizer_fit_transform,0.1937200999964261,0.2005305999919073,2.1644719499927305,0.2260340999928303,ok,,0.9956671607494354,0.476,0.120998904306225,1.0,50,10,NMF,Vietnamese-news
s3-cafebert-vietnamese-full-v1,4bbba1f8131d9c8ed741219255d2985be219ecc9b9368ad84e025bcac1cd840b,vietnamese-news,s3_angular,42,10,858,4a69f5df5cc5cee9d68d807eca0f7d5d3c4bd2c42a1637f8e83d3247819a1c7d,1.9639413500008231,4.211881200011703,93.08472159999656,E:\Development\NLP_S3\benchmark\cafebert_full\results\representation_cache\vietnamese-news_858_3de6721497631976a304.npy,cafebert_mean_encode,0.3051428999897325,93.38986449998627,99.5656870499988,0.0605111999902874,ok,,0.994192361831665,0.65,-0.4363764938300566,1.0,10,10,S³ angular,Vietnamese-news
s3-cafebert-vietnamese-full-v1,4bbba1f8131d9c8ed741219255d2985be219ecc9b9368ad84e025bcac1cd840b,vietnamese-news,s3_angular,42,20,858,4a69f5df5cc5cee9d68d807eca0f7d5d3c4bd2c42a1637f8e83d3247819a1c7d,1.9639413500008231,4.211881200011703,93.08472159999656,E:\Development\NLP_S3\benchmark\cafebert_full\results\representation_cache\vietnamese-news_858_3de6721497631976a304.npy,cafebert_mean_encode,0.2416489000024739,93.32637049999904,99.50219305001156,0.1086053000035462,ok,,0.9933258056640624,0.61,-0.4672035035615342,1.0,20,10,S³ angular,Vietnamese-news
s3-cafebert-vietnamese-full-v1,4bbba1f8131d9c8ed741219255d2985be219ecc9b9368ad84e025bcac1cd840b,vietnamese-news,s3_angular,42,30,858,4a69f5df5cc5cee9d68d807eca0f7d5d3c4bd2c42a1637f8e83d3247819a1c7d,1.9639413500008231,4.211881200011703,93.08472159999656,E:\Development\NLP_S3\benchmark\cafebert_full\results\representation_cache\vietnamese-news_858_3de6721497631976a304.npy,cafebert_mean_encode,0.3733993000059854,93.45812090000254,99.63394345001508,0.1440072000114014,ok,,0.9933631916840872,0.53,-0.4207594509803905,1.0,30,10,S³ angular,Vietnamese-news
s3-cafebert-vietnamese-full-v1,4bbba1f8131d9c8ed741219255d2985be219ecc9b9368ad84e025bcac1cd840b,vietnamese-news,s3_angular,42,40,858,4a69f5df5cc5cee9d68d807eca0f7d5d3c4bd2c42a1637f8e83d3247819a1c7d,1.9639413500008231,4.211881200011703,93.08472159999656,E:\Development\NLP_S3\benchmark\cafebert_full\results\representation_cache\vietnamese-news_858_3de6721497631976a304.npy,cafebert_mean_encode,0.4160705000103917,93.50079210000696,99.67661465001947,0.1943571000010706,ok,,0.9934544265270232,0.435,-0.4407561373083745,1.0,40,10,S³ angular,Vietnamese-news
s3-cafebert-vietnamese-full-v1,4bbba1f8131d9c8ed741219255d2985be219ecc9b9368ad84e025bcac1cd840b,vietnamese-news,s3_angular,42,50,858,4a69f5df5cc5cee9d68d807eca0f7d5d3c4bd2c42a1637f8e83d3247819a1c7d,1.9639413500008231,4.211881200011703,93.08472159999656,E:\Development\NLP_S3\benchmark\cafebert_full\results\representation_cache\vietnamese-news_858_3de6721497631976a304.npy,cafebert_mean_encode,0.4040387999993982,93.48876039999595,99.66458295000848,0.2239353000040864,ok,,0.9934062218666077,0.402,-0.4650632436121535,1.0,50,10,S³ angular,Vietnamese-news
s3-cafebert-vietnamese-full-v1,4bbba1f8131d9c8ed741219255d2985be219ecc9b9368ad84e025bcac1cd840b,vietnamese-news,s3_axial,42,10,858,4a69f5df5cc5cee9d68d807eca0f7d5d3c4bd2c42a1637f8e83d3247819a1c7d,1.9639413500008231,4.211881200011703,93.08472159999656,E:\Development\NLP_S3\benchmark\cafebert_full\results\representation_cache\vietnamese-news_858_3de6721497631976a304.npy,cafebert_mean_encode,0.3048095999838551,93.3895311999804,99.56535374999294,0.0722394000040367,ok,,0.9946843028068544,0.64,-0.458176957322442,1.0,10,10,S³ axial,Vietnamese-news
s3-cafebert-vietnamese-full-v1,4bbba1f8131d9c8ed741219255d2985be219ecc9b9368ad84e025bcac1cd840b,vietnamese-news,s3_axial,42,20,858,4a69f5df5cc5cee9d68d807eca0f7d5d3c4bd2c42a1637f8e83d3247819a1c7d,1.9639413500008231,4.211881200011703,93.08472159999656,E:\Development\NLP_S3\benchmark\cafebert_full\results\representation_cache\vietnamese-news_858_3de6721497631976a304.npy,cafebert_mean_encode,0.2411279000079957,93.32584950000457,99.50167205001708,0.117763800008106,ok,,0.9934917449951172,0.59,-0.4729118176156268,1.0,20,10,S³ axial,Vietnamese-news
s3-cafebert-vietnamese-full-v1,4bbba1f8131d9c8ed741219255d2985be219ecc9b9368ad84e025bcac1cd840b,vietnamese-news,s3_axial,42,30,858,4a69f5df5cc5cee9d68d807eca0f7d5d3c4bd2c42a1637f8e83d3247819a1c7d,1.9639413500008231,4.211881200011703,93.08472159999656,E:\Development\NLP_S3\benchmark\cafebert_full\results\representation_cache\vietnamese-news_858_3de6721497631976a304.npy,cafebert_mean_encode,0.372670199998538,93.4573917999951,99.63321435000762,0.1508789000072283,ok,,0.9936094363530475,0.5266666666666666,-0.4122388298658307,1.0,30,10,S³ axial,Vietnamese-news
s3-cafebert-vietnamese-full-v1,4bbba1f8131d9c8ed741219255d2985be219ecc9b9368ad84e025bcac1cd840b,vietnamese-news,s3_axial,42,40,858,4a69f5df5cc5cee9d68d807eca0f7d5d3c4bd2c42a1637f8e83d3247819a1c7d,1.9639413500008231,4.211881200011703,93.08472159999656,E:\Development\NLP_S3\benchmark\cafebert_full\results\representation_cache\vietnamese-news_858_3de6721497631976a304.npy,cafebert_mean_encode,0.4152253000065684,93.49994690000312,99.67576945001564,0.2187956999987363,ok,,0.9934661775827408,0.425,-0.4372296772678579,1.0,40,10,S³ axial,Vietnamese-news
s3-cafebert-vietnamese-full-v1,4bbba1f8131d9c8ed741219255d2985be219ecc9b9368ad84e025bcac1cd840b,vietnamese-news,s3_axial,42,50,858,4a69f5df5cc5cee9d68d807eca0f7d5d3c4bd2c42a1637f8e83d3247819a1c7d,1.9639413500008231,4.211881200011703,93.08472159999656,E:\Development\NLP_S3\benchmark\cafebert_full\results\representation_cache\vietnamese-news_858_3de6721497631976a304.npy,cafebert_mean_encode,0.4034681000048294,93.4881897000014,99.66401225001393,0.2298485000064829,ok,,0.9933300197124482,0.398,-0.4643749510832966,1.0,50,10,S³ axial,Vietnamese-news
s3-cafebert-vietnamese-full-v1,4bbba1f8131d9c8ed741219255d2985be219ecc9b9368ad84e025bcac1cd840b,vietnamese-news,s3_combined,42,10,858,4a69f5df5cc5cee9d68d807eca0f7d5d3c4bd2c42a1637f8e83d3247819a1c7d,1.9639413500008231,4.211881200011703,93.08472159999656,E:\Development\NLP_S3\benchmark\cafebert_full\results\representation_cache\vietnamese-news_858_3de6721497631976a304.npy,cafebert_mean_encode,0.3052679999818792,93.38998959997843,99.56581214999096,0.0568633000075351,ok,,0.9944719493389128,0.65,-0.4508337838949939,1.0,10,10,S³ combined,Vietnamese-news
s3-cafebert-vietnamese-full-v1,4bbba1f8131d9c8ed741219255d2985be219ecc9b9368ad84e025bcac1cd840b,vietnamese-news,s3_combined,42,20,858,4a69f5df5cc5cee9d68d807eca0f7d5d3c4bd2c42a1637f8e83d3247819a1c7d,1.9639413500008231,4.211881200011703,93.08472159999656,E:\Development\NLP_S3\benchmark\cafebert_full\results\representation_cache\vietnamese-news_858_3de6721497631976a304.npy,cafebert_mean_encode,0.2415274000086356,93.3262490000052,99.50207155001772,0.1070275999954901,ok,,0.9935864955186844,0.59,-0.4774535630612578,1.0,20,10,S³ combined,Vietnamese-news
s3-cafebert-vietnamese-full-v1,4bbba1f8131d9c8ed741219255d2985be219ecc9b9368ad84e025bcac1cd840b,vietnamese-news,s3_combined,42,30,858,4a69f5df5cc5cee9d68d807eca0f7d5d3c4bd2c42a1637f8e83d3247819a1c7d,1.9639413500008231,4.211881200011703,93.08472159999656,E:\Development\NLP_S3\benchmark\cafebert_full\results\representation_cache\vietnamese-news_858_3de6721497631976a304.npy,cafebert_mean_encode,0.3735276999941561,93.45824929999073,99.63407185000324,0.14391300000716,ok,,0.9934433023134868,0.5333333333333333,-0.4120697593739354,1.0,30,10,S³ combined,Vietnamese-news
s3-cafebert-vietnamese-full-v1,4bbba1f8131d9c8ed741219255d2985be219ecc9b9368ad84e025bcac1cd840b,vietnamese-news,s3_combined,42,40,858,4a69f5df5cc5cee9d68d807eca0f7d5d3c4bd2c42a1637f8e83d3247819a1c7d,1.9639413500008231,4.211881200011703,93.08472159999656,E:\Development\NLP_S3\benchmark\cafebert_full\results\representation_cache\vietnamese-news_858_3de6721497631976a304.npy,cafebert_mean_encode,0.4160386000148719,93.50076020001144,99.67658275002395,0.1988029000058304,ok,,0.9934732794761658,0.43,-0.4342165091383235,1.0,40,10,S³ combined,Vietnamese-news
s3-cafebert-vietnamese-full-v1,4bbba1f8131d9c8ed741219255d2985be219ecc9b9368ad84e025bcac1cd840b,vietnamese-news,s3_combined,42,50,858,4a69f5df5cc5cee9d68d807eca0f7d5d3c4bd2c42a1637f8e83d3247819a1c7d,1.9639413500008231,4.211881200011703,93.08472159999656,E:\Development\NLP_S3\benchmark\cafebert_full\results\representation_cache\vietnamese-news_858_3de6721497631976a304.npy,cafebert_mean_encode,0.404185100007453,93.488906700004,99.66472925001652,0.2301949000102467,ok,,0.9933258843421936,0.402,-0.464918495365234,1.0,50,10,S³ combined,Vietnamese-news
s3-cafebert-vietnamese-full-v1,4bbba1f8131d9c8ed741219255d2985be219ecc9b9368ad84e025bcac1cd840b,visfd,bertopic_kmeans,42,10,10000,c719fdf08e863348f772bc3900112d2708ed736eb526037ad3dd5b5e8f2bdfb8,1.9639413500008231,4.211881200011703,3979.428131000008,E:\Development\NLP_S3\benchmark\cafebert_full\results\representation_cache\visfd_10000_b55da79687299686ecea.npy,cafebert_mean_encode,17.526421400005347,3996.954552400013,4003.1303749500257,1.0509596000047168,ok,,0.4382940098643303,0.4,-0.1821345478724154,1.0,10,10,BERTopic + UMAP + KMeans,UIT-ViSFD
s3-cafebert-vietnamese-full-v1,4bbba1f8131d9c8ed741219255d2985be219ecc9b9368ad84e025bcac1cd840b,visfd,bertopic_kmeans,42,20,10000,c719fdf08e863348f772bc3900112d2708ed736eb526037ad3dd5b5e8f2bdfb8,1.9639413500008231,4.211881200011703,3979.428131000008,E:\Development\NLP_S3\benchmark\cafebert_full\results\representation_cache\visfd_10000_b55da79687299686ecea.npy,cafebert_mean_encode,16.94510209999862,3996.3732331000074,4002.549055650019,1.1832220000069356,ok,,0.4335787579417228,0.3,-0.2030520300693778,1.0,20,10,BERTopic + UMAP + KMeans,UIT-ViSFD
s3-cafebert-vietnamese-full-v1,4bbba1f8131d9c8ed741219255d2985be219ecc9b9368ad84e025bcac1cd840b,visfd,bertopic_kmeans,42,30,10000,c719fdf08e863348f772bc3900112d2708ed736eb526037ad3dd5b5e8f2bdfb8,1.9639413500008231,4.211881200011703,3979.428131000008,E:\Development\NLP_S3\benchmark\cafebert_full\results\representation_cache\visfd_10000_b55da79687299686ecea.npy,cafebert_mean_encode,16.943209400007618,3996.371340400016,4002.547162950028,1.2193894000083674,ok,,0.4516507844130198,0.2366666666666666,-0.2409518783533776,1.0,30,10,BERTopic + UMAP + KMeans,UIT-ViSFD
s3-cafebert-vietnamese-full-v1,4bbba1f8131d9c8ed741219255d2985be219ecc9b9368ad84e025bcac1cd840b,visfd,bertopic_kmeans,42,40,10000,c719fdf08e863348f772bc3900112d2708ed736eb526037ad3dd5b5e8f2bdfb8,1.9639413500008231,4.211881200011703,3979.428131000008,E:\Development\NLP_S3\benchmark\cafebert_full\results\representation_cache\visfd_10000_b55da79687299686ecea.npy,cafebert_mean_encode,16.76680509999278,3996.1949361000006,4002.370758650013,1.2485181000083685,ok,,0.4540251780301332,0.215,-0.2475768900622714,1.0,40,10,BERTopic + UMAP + KMeans,UIT-ViSFD
s3-cafebert-vietnamese-full-v1,4bbba1f8131d9c8ed741219255d2985be219ecc9b9368ad84e025bcac1cd840b,visfd,bertopic_kmeans,42,50,10000,c719fdf08e863348f772bc3900112d2708ed736eb526037ad3dd5b5e8f2bdfb8,1.9639413500008231,4.211881200011703,3979.428131000008,E:\Development\NLP_S3\benchmark\cafebert_full\results\representation_cache\visfd_10000_b55da79687299686ecea.npy,cafebert_mean_encode,17.057052999996813,3996.4851840000047,4002.661006550017,1.324577000006684,ok,,0.4290033841133118,0.208,-0.2340761326513054,1.0,50,10,BERTopic + UMAP + KMeans,UIT-ViSFD
s3-cafebert-vietnamese-full-v1,4bbba1f8131d9c8ed741219255d2985be219ecc9b9368ad84e025bcac1cd840b,visfd,lda,42,10,10000,c719fdf08e863348f772bc3900112d2708ed736eb526037ad3dd5b5e8f2bdfb8,1.9639413500008231,0.0,0.1765024000051198,E:\Development\NLP_S3\benchmark\cafebert_full\results\representation_cache\visfd_10000_c719fdf08e86_lexical.npz,countvectorizer_fit_transform,20.619166899996344,20.795669300001464,22.759610650002287,1.99039520000224,ok,,0.3542863577604294,0.63,0.0943100807282981,1.0,10,10,LDA,UIT-ViSFD
s3-cafebert-vietnamese-full-v1,4bbba1f8131d9c8ed741219255d2985be219ecc9b9368ad84e025bcac1cd840b,visfd,lda,42,20,10000,c719fdf08e863348f772bc3900112d2708ed736eb526037ad3dd5b5e8f2bdfb8,1.9639413500008231,0.0,0.1765024000051198,E:\Development\NLP_S3\benchmark\cafebert_full\results\representation_cache\visfd_10000_c719fdf08e86_lexical.npz,countvectorizer_fit_transform,19.348694399988744,19.525196799993864,21.489138149994687,2.236068299986073,ok,,0.3350374929606914,0.605,0.0848107525711007,0.995,20,10,LDA,UIT-ViSFD
s3-cafebert-vietnamese-full-v1,4bbba1f8131d9c8ed741219255d2985be219ecc9b9368ad84e025bcac1cd840b,visfd,lda,42,30,10000,c719fdf08e863348f772bc3900112d2708ed736eb526037ad3dd5b5e8f2bdfb8,1.9639413500008231,0.0,0.1765024000051198,E:\Development\NLP_S3\benchmark\cafebert_full\results\representation_cache\visfd_10000_c719fdf08e86_lexical.npz,countvectorizer_fit_transform,19.93432990000292,20.11083230000804,22.074773650008865,2.5608667000051355,ok,,0.3557579884926478,0.5366666666666666,0.0771472322531544,1.0,30,10,LDA,UIT-ViSFD
s3-cafebert-vietnamese-full-v1,4bbba1f8131d9c8ed741219255d2985be219ecc9b9368ad84e025bcac1cd840b,visfd,lda,42,40,10000,c719fdf08e863348f772bc3900112d2708ed736eb526037ad3dd5b5e8f2bdfb8,1.9639413500008231,0.0,0.1765024000051198,E:\Development\NLP_S3\benchmark\cafebert_full\results\representation_cache\visfd_10000_c719fdf08e86_lexical.npz,countvectorizer_fit_transform,19.39351929999248,19.5700216999976,21.53396304999842,2.484280200005742,ok,,0.3538955576717854,0.545,0.0856958604866526,1.0,40,10,LDA,UIT-ViSFD
s3-cafebert-vietnamese-full-v1,4bbba1f8131d9c8ed741219255d2985be219ecc9b9368ad84e025bcac1cd840b,visfd,lda,42,50,10000,c719fdf08e863348f772bc3900112d2708ed736eb526037ad3dd5b5e8f2bdfb8,1.9639413500008231,0.0,0.1765024000051198,E:\Development\NLP_S3\benchmark\cafebert_full\results\representation_cache\visfd_10000_c719fdf08e86_lexical.npz,countvectorizer_fit_transform,19.71655749999627,19.89305990000139,21.857001250002213,3.0536331000039354,ok,,0.3686455020308494,0.532,0.0851004124367698,0.996,50,10,LDA,UIT-ViSFD
s3-cafebert-vietnamese-full-v1,4bbba1f8131d9c8ed741219255d2985be219ecc9b9368ad84e025bcac1cd840b,visfd,nmf,42,10,10000,c719fdf08e863348f772bc3900112d2708ed736eb526037ad3dd5b5e8f2bdfb8,1.9639413500008231,0.0,0.1765024000051198,E:\Development\NLP_S3\benchmark\cafebert_full\results\representation_cache\visfd_10000_c719fdf08e86_lexical.npz,countvectorizer_fit_transform,0.4168749999953434,0.5933774000004632,2.5573187500012864,2.0778930999949807,ok,,0.3784312546253204,0.76,0.0799656879310116,1.0,10,10,NMF,UIT-ViSFD
s3-cafebert-vietnamese-full-v1,4bbba1f8131d9c8ed741219255d2985be219ecc9b9368ad84e025bcac1cd840b,visfd,nmf,42,20,10000,c719fdf08e863348f772bc3900112d2708ed736eb526037ad3dd5b5e8f2bdfb8,1.9639413500008231,0.0,0.1765024000051198,E:\Development\NLP_S3\benchmark\cafebert_full\results\representation_cache\visfd_10000_c719fdf08e86_lexical.npz,countvectorizer_fit_transform,0.5554904000018723,0.7319928000069922,2.6959341500078158,2.339653699993505,ok,,0.3876091115176677,0.685,0.0995949370156907,1.0,20,10,NMF,UIT-ViSFD
s3-cafebert-vietnamese-full-v1,4bbba1f8131d9c8ed741219255d2985be219ecc9b9368ad84e025bcac1cd840b,visfd,nmf,42,30,10000,c719fdf08e863348f772bc3900112d2708ed736eb526037ad3dd5b5e8f2bdfb8,1.9639413500008231,0.0,0.1765024000051198,E:\Development\NLP_S3\benchmark\cafebert_full\results\representation_cache\visfd_10000_c719fdf08e86_lexical.npz,countvectorizer_fit_transform,0.7982137999933911,0.974716199998511,2.938657549999334,2.880285499995807,ok,,0.3779058833916982,0.6,0.0853801670059587,1.0,30,10,NMF,UIT-ViSFD
s3-cafebert-vietnamese-full-v1,4bbba1f8131d9c8ed741219255d2985be219ecc9b9368ad84e025bcac1cd840b,visfd,nmf,42,40,10000,c719fdf08e863348f772bc3900112d2708ed736eb526037ad3dd5b5e8f2bdfb8,1.9639413500008231,0.0,0.1765024000051198,E:\Development\NLP_S3\benchmark\cafebert_full\results\representation_cache\visfd_10000_c719fdf08e86_lexical.npz,countvectorizer_fit_transform,2.096837900011451,2.273340300016571,4.237281650017394,2.653115599998273,ok,,0.3855339907109737,0.535,0.0823772691381538,1.0,40,10,NMF,UIT-ViSFD
s3-cafebert-vietnamese-full-v1,4bbba1f8131d9c8ed741219255d2985be219ecc9b9368ad84e025bcac1cd840b,visfd,nmf,42,50,10000,c719fdf08e863348f772bc3900112d2708ed736eb526037ad3dd5b5e8f2bdfb8,1.9639413500008231,0.0,0.1765024000051198,E:\Development\NLP_S3\benchmark\cafebert_full\results\representation_cache\visfd_10000_c719fdf08e86_lexical.npz,countvectorizer_fit_transform,2.99717000000237,3.17367240000749,5.137613750008313,3.6368313999992097,ok,,0.3951437279582023,0.528,0.0852721621303608,0.998,50,10,NMF,UIT-ViSFD
s3-cafebert-vietnamese-full-v1,4bbba1f8131d9c8ed741219255d2985be219ecc9b9368ad84e025bcac1cd840b,visfd,s3_angular,42,10,10000,c719fdf08e863348f772bc3900112d2708ed736eb526037ad3dd5b5e8f2bdfb8,1.9639413500008231,4.211881200011703,3979.428131000008,E:\Development\NLP_S3\benchmark\cafebert_full\results\representation_cache\visfd_10000_b55da79687299686ecea.npy,cafebert_mean_encode,3.978021000017179,3983.406152000025,3989.5819745500376,1.1830842999916058,ok,,0.4474306166172027,0.87,-0.2999113904536863,0.87,10,10,S³ angular,UIT-ViSFD
s3-cafebert-vietnamese-full-v1,4bbba1f8131d9c8ed741219255d2985be219ecc9b9368ad84e025bcac1cd840b,visfd,s3_angular,42,20,10000,c719fdf08e863348f772bc3900112d2708ed736eb526037ad3dd5b5e8f2bdfb8,1.9639413500008231,4.211881200011703,3979.428131000008,E:\Development\NLP_S3\benchmark\cafebert_full\results\representation_cache\visfd_10000_b55da79687299686ecea.npy,cafebert_mean_encode,5.027637199993478,3984.455768200001,3990.631590750014,1.3034099000069546,ok,,0.5599774181842804,0.85,-0.3790158378612766,0.835,20,10,S³ angular,UIT-ViSFD
s3-cafebert-vietnamese-full-v1,4bbba1f8131d9c8ed741219255d2985be219ecc9b9368ad84e025bcac1cd840b,visfd,s3_angular,42,30,10000,c719fdf08e863348f772bc3900112d2708ed736eb526037ad3dd5b5e8f2bdfb8,1.9639413500008231,4.211881200011703,3979.428131000008,E:\Development\NLP_S3\benchmark\cafebert_full\results\representation_cache\visfd_10000_b55da79687299686ecea.npy,cafebert_mean_encode,2.6082331000070558,3982.036364100015,3988.212186650027,1.547536600002786,ok,,0.5030667155981063,0.85,-0.3837389321173484,0.9033333333333332,30,10,S³ angular,UIT-ViSFD
s3-cafebert-vietnamese-full-v1,4bbba1f8131d9c8ed741219255d2985be219ecc9b9368ad84e025bcac1cd840b,visfd,s3_angular,42,40,10000,c719fdf08e863348f772bc3900112d2708ed736eb526037ad3dd5b5e8f2bdfb8,1.9639413500008231,4.211881200011703,3979.428131000008,E:\Development\NLP_S3\benchmark\cafebert_full\results\representation_cache\visfd_10000_b55da79687299686ecea.npy,cafebert_mean_encode,2.641481400001794,3982.0696124000096,3988.245434950022,1.7076938999962294,ok,,0.5649145700037479,0.895,-0.393818996035865,0.8425,40,10,S³ angular,UIT-ViSFD
s3-cafebert-vietnamese-full-v1,4bbba1f8131d9c8ed741219255d2985be219ecc9b9368ad84e025bcac1cd840b,visfd,s3_angular,42,50,10000,c719fdf08e863348f772bc3900112d2708ed736eb526037ad3dd5b5e8f2bdfb8,1.9639413500008231,4.211881200011703,3979.428131000008,E:\Development\NLP_S3\benchmark\cafebert_full\results\representation_cache\visfd_10000_b55da79687299686ecea.npy,cafebert_mean_encode,3.2302577999944333,3982.6583888000014,3988.834211350015,1.9479487000062363,ok,,0.5223922044038772,0.862,-0.3716530164972284,0.9,50,10,S³ angular,UIT-ViSFD
s3-cafebert-vietnamese-full-v1,4bbba1f8131d9c8ed741219255d2985be219ecc9b9368ad84e025bcac1cd840b,visfd,s3_axial,42,10,10000,c719fdf08e863348f772bc3900112d2708ed736eb526037ad3dd5b5e8f2bdfb8,1.9639413500008231,4.211881200011703,3979.428131000008,E:\Development\NLP_S3\benchmark\cafebert_full\results\representation_cache\visfd_10000_b55da79687299686ecea.npy,cafebert_mean_encode,3.9773595000151545,3983.405490500023,3989.581313050036,1.126507599998149,ok,,0.4586556434631347,0.85,-0.3187883969099943,0.87,10,10,S³ axial,UIT-ViSFD
s3-cafebert-vietnamese-full-v1,4bbba1f8131d9c8ed741219255d2985be219ecc9b9368ad84e025bcac1cd840b,visfd,s3_axial,42,20,10000,c719fdf08e863348f772bc3900112d2708ed736eb526037ad3dd5b5e8f2bdfb8,1.9639413500008231,4.211881200011703,3979.428131000008,E:\Development\NLP_S3\benchmark\cafebert_full\results\representation_cache\visfd_10000_b55da79687299686ecea.npy,cafebert_mean_encode,5.026653999986593,3984.4547849999935,3990.630607550007,1.2200310000043828,ok,,0.5399441048502922,0.815,-0.3689838612312558,0.82,20,10,S³ axial,UIT-ViSFD
s3-cafebert-vietnamese-full-v1,4bbba1f8131d9c8ed741219255d2985be219ecc9b9368ad84e025bcac1cd840b,visfd,s3_axial,42,30,10000,c719fdf08e863348f772bc3900112d2708ed736eb526037ad3dd5b5e8f2bdfb8,1.9639413500008231,4.211881200011703,3979.428131000008,E:\Development\NLP_S3\benchmark\cafebert_full\results\representation_cache\visfd_10000_b55da79687299686ecea.npy,cafebert_mean_encode,2.607300099989516,3982.035431099997,3988.21125365001,1.504161099990597,ok,,0.4684464424848557,0.7633333333333333,-0.3673936305765563,0.91,30,10,S³ axial,UIT-ViSFD
s3-cafebert-vietnamese-full-v1,4bbba1f8131d9c8ed741219255d2985be219ecc9b9368ad84e025bcac1cd840b,visfd,s3_axial,42,40,10000,c719fdf08e863348f772bc3900112d2708ed736eb526037ad3dd5b5e8f2bdfb8,1.9639413500008231,4.211881200011703,3979.428131000008,E:\Development\NLP_S3\benchmark\cafebert_full\results\representation_cache\visfd_10000_b55da79687299686ecea.npy,cafebert_mean_encode,2.64022540001315,3982.068356400021,3988.2441789500335,1.594787299996824,ok,,0.5458530023694038,0.8225,-0.3909012792241949,0.87,40,10,S³ axial,UIT-ViSFD
s3-cafebert-vietnamese-full-v1,4bbba1f8131d9c8ed741219255d2985be219ecc9b9368ad84e025bcac1cd840b,visfd,s3_axial,42,50,10000,c719fdf08e863348f772bc3900112d2708ed736eb526037ad3dd5b5e8f2bdfb8,1.9639413500008231,4.211881200011703,3979.428131000008,E:\Development\NLP_S3\benchmark\cafebert_full\results\representation_cache\visfd_10000_b55da79687299686ecea.npy,cafebert_mean_encode,3.2291286999970907,3982.657259700005,3988.8330822500175,1.781682799992268,ok,,0.5044927966594696,0.742,-0.3732803530243903,0.896,50,10,S³ axial,UIT-ViSFD
s3-cafebert-vietnamese-full-v1,4bbba1f8131d9c8ed741219255d2985be219ecc9b9368ad84e025bcac1cd840b,visfd,s3_combined,42,10,10000,c719fdf08e863348f772bc3900112d2708ed736eb526037ad3dd5b5e8f2bdfb8,1.9639413500008231,4.211881200011703,3979.428131000008,E:\Development\NLP_S3\benchmark\cafebert_full\results\representation_cache\visfd_10000_b55da79687299686ecea.npy,cafebert_mean_encode,3.978075600010925,3983.406206600019,3989.5820291500313,1.1904194000089774,ok,,0.4711857795715332,0.88,-0.3025761259536217,0.87,10,10,S³ combined,UIT-ViSFD
s3-cafebert-vietnamese-full-v1,4bbba1f8131d9c8ed741219255d2985be219ecc9b9368ad84e025bcac1cd840b,visfd,s3_combined,42,20,10000,c719fdf08e863348f772bc3900112d2708ed736eb526037ad3dd5b5e8f2bdfb8,1.9639413500008231,4.211881200011703,3979.428131000008,E:\Development\NLP_S3\benchmark\cafebert_full\results\representation_cache\visfd_10000_b55da79687299686ecea.npy,cafebert_mean_encode,5.027501899981871,3984.4556328999897,3990.631455450002,1.207382399996277,ok,,0.5328677631914616,0.805,-0.3690314991755065,0.82,20,10,S³ combined,UIT-ViSFD
s3-cafebert-vietnamese-full-v1,4bbba1f8131d9c8ed741219255d2985be219ecc9b9368ad84e025bcac1cd840b,visfd,s3_combined,42,30,10000,c719fdf08e863348f772bc3900112d2708ed736eb526037ad3dd5b5e8f2bdfb8,1.9639413500008231,4.211881200011703,3979.428131000008,E:\Development\NLP_S3\benchmark\cafebert_full\results\representation_cache\visfd_10000_b55da79687299686ecea.npy,cafebert_mean_encode,2.6083328999957303,3982.036463900004,3988.212286450016,1.5400397999910638,ok,,0.4900938332080841,0.8066666666666666,-0.3785232026324941,0.9066666666666666,30,10,S³ combined,UIT-ViSFD
s3-cafebert-vietnamese-full-v1,4bbba1f8131d9c8ed741219255d2985be219ecc9b9368ad84e025bcac1cd840b,visfd,s3_combined,42,40,10000,c719fdf08e863348f772bc3900112d2708ed736eb526037ad3dd5b5e8f2bdfb8,1.9639413500008231,4.211881200011703,3979.428131000008,E:\Development\NLP_S3\benchmark\cafebert_full\results\representation_cache\visfd_10000_b55da79687299686ecea.npy,cafebert_mean_encode,2.641305700017256,3982.069436700025,3988.2452592500376,1.7035160000086762,ok,,0.5539998158812522,0.85,-0.3938661409162238,0.8575,40,10,S³ combined,UIT-ViSFD
s3-cafebert-vietnamese-full-v1,4bbba1f8131d9c8ed741219255d2985be219ecc9b9368ad84e025bcac1cd840b,visfd,s3_combined,42,50,10000,c719fdf08e863348f772bc3900112d2708ed736eb526037ad3dd5b5e8f2bdfb8,1.9639413500008231,4.211881200011703,3979.428131000008,E:\Development\NLP_S3\benchmark\cafebert_full\results\representation_cache\visfd_10000_b55da79687299686ecea.npy,cafebert_mean_encode,3.231312899981276,3982.659443899989,3988.8352664500017,1.8206588000030024,ok,,0.521389896273613,0.786,-0.3732545095859794,0.888,50,10,S³ combined,UIT-ViSFD
s3-cafebert-vietnamese-full-v1,4bbba1f8131d9c8ed741219255d2985be219ecc9b9368ad84e025bcac1cd840b,vntc-it,bertopic_kmeans,42,10,3571,5afd099ef11ba4e02ae098427f8f68a242b00bad2e8ad0726aa09f174164f53b,1.9639413500008231,4.211881200011703,5631.804003700003,E:\Development\NLP_S3\benchmark\cafebert_full\results\representation_cache\vntc-it_3571_87b6d555f6c4c55cced8.npy,cafebert_mean_encode,25.83065440000792,5657.634658100011,5663.810480650023,3.837585000001127,ok,,0.2657150521874428,0.38,-0.1858388969335821,1.0,10,10,BERTopic + UMAP + KMeans,VNTC-CNTT
s3-cafebert-vietnamese-full-v1,4bbba1f8131d9c8ed741219255d2985be219ecc9b9368ad84e025bcac1cd840b,vntc-it,bertopic_kmeans,42,20,3571,5afd099ef11ba4e02ae098427f8f68a242b00bad2e8ad0726aa09f174164f53b,1.9639413500008231,4.211881200011703,5631.804003700003,E:\Development\NLP_S3\benchmark\cafebert_full\results\representation_cache\vntc-it_3571_87b6d555f6c4c55cced8.npy,cafebert_mean_encode,20.087506199997733,5651.8915099000005,5658.067332450013,5.678880299994489,ok,,0.2165126524865627,0.365,-0.2394241320655209,1.0,20,10,BERTopic + UMAP + KMeans,VNTC-CNTT
s3-cafebert-vietnamese-full-v1,4bbba1f8131d9c8ed741219255d2985be219ecc9b9368ad84e025bcac1cd840b,vntc-it,bertopic_kmeans,42,30,3571,5afd099ef11ba4e02ae098427f8f68a242b00bad2e8ad0726aa09f174164f53b,1.9639413500008231,4.211881200011703,5631.804003700003,E:\Development\NLP_S3\benchmark\cafebert_full\results\representation_cache\vntc-it_3571_87b6d555f6c4c55cced8.npy,cafebert_mean_encode,18.878031100000957,5650.682034800004,5656.857857350016,4.182992000001832,ok,,0.2165366547803084,0.3933333333333333,-0.2194046877999048,0.9966666666666668,30,10,BERTopic + UMAP + KMeans,VNTC-CNTT
s3-cafebert-vietnamese-full-v1,4bbba1f8131d9c8ed741219255d2985be219ecc9b9368ad84e025bcac1cd840b,vntc-it,bertopic_kmeans,42,40,3571,5afd099ef11ba4e02ae098427f8f68a242b00bad2e8ad0726aa09f174164f53b,1.9639413500008231,4.211881200011703,5631.804003700003,E:\Development\NLP_S3\benchmark\cafebert_full\results\representation_cache\vntc-it_3571_87b6d555f6c4c55cced8.npy,cafebert_mean_encode,18.841141199998678,5650.6451449000015,5656.820967450014,4.587745900003938,ok,,0.2052515938412398,0.365,-0.1990391731247442,0.9975,40,10,BERTopic + UMAP + KMeans,VNTC-CNTT
s3-cafebert-vietnamese-full-v1,4bbba1f8131d9c8ed741219255d2985be219ecc9b9368ad84e025bcac1cd840b,vntc-it,bertopic_kmeans,42,50,3571,5afd099ef11ba4e02ae098427f8f68a242b00bad2e8ad0726aa09f174164f53b,1.9639413500008231,4.211881200011703,5631.804003700003,E:\Development\NLP_S3\benchmark\cafebert_full\results\representation_cache\vntc-it_3571_87b6d555f6c4c55cced8.npy,cafebert_mean_encode,19.16333390001091,5650.967337600014,5657.143160150026,4.661888100003125,ok,,0.2171978366374969,0.38,-0.1800377551938621,0.998,50,10,BERTopic + UMAP + KMeans,VNTC-CNTT
s3-cafebert-vietnamese-full-v1,4bbba1f8131d9c8ed741219255d2985be219ecc9b9368ad84e025bcac1cd840b,vntc-it,lda,42,10,3571,5afd099ef11ba4e02ae098427f8f68a242b00bad2e8ad0726aa09f174164f53b,1.9639413500008231,0.0,0.5576125000079628,E:\Development\NLP_S3\benchmark\cafebert_full\results\representation_cache\vntc-it_3571_5afd099ef11b_lexical.npz,countvectorizer_fit_transform,19.269386400002983,19.82699890001095,21.79094025001177,7.493346900009783,ok,,0.1385434314608574,0.43,-0.0022929009851569,1.0,10,10,LDA,VNTC-CNTT
s3-cafebert-vietnamese-full-v1,4bbba1f8131d9c8ed741219255d2985be219ecc9b9368ad84e025bcac1cd840b,vntc-it,lda,42,20,3571,5afd099ef11ba4e02ae098427f8f68a242b00bad2e8ad0726aa09f174164f53b,1.9639413500008231,0.0,0.5576125000079628,E:\Development\NLP_S3\benchmark\cafebert_full\results\representation_cache\vntc-it_3571_5afd099ef11b_lexical.npz,countvectorizer_fit_transform,25.23000609999872,25.78761860000668,27.751559950007504,8.417725799998152,ok,,0.146345929056406,0.47,0.0149668398737319,0.99,20,10,LDA,VNTC-CNTT
s3-cafebert-vietnamese-full-v1,4bbba1f8131d9c8ed741219255d2985be219ecc9b9368ad84e025bcac1cd840b,vntc-it,lda,42,30,3571,5afd099ef11ba4e02ae098427f8f68a242b00bad2e8ad0726aa09f174164f53b,1.9639413500008231,0.0,0.5576125000079628,E:\Development\NLP_S3\benchmark\cafebert_full\results\representation_cache\vntc-it_3571_5afd099ef11b_lexical.npz,countvectorizer_fit_transform,54.76995219998935,55.32756469999731,57.29150604999813,9.19652959999803,ok,,0.1500728617111842,0.4633333333333333,0.0316208498420998,0.9866666666666668,30,10,LDA,VNTC-CNTT
s3-cafebert-vietnamese-full-v1,4bbba1f8131d9c8ed741219255d2985be219ecc9b9368ad84e025bcac1cd840b,vntc-it,lda,42,40,3571,5afd099ef11ba4e02ae098427f8f68a242b00bad2e8ad0726aa09f174164f53b,1.9639413500008231,0.0,0.5576125000079628,E:\Development\NLP_S3\benchmark\cafebert_full\results\representation_cache\vntc-it_3571_5afd099ef11b_lexical.npz,countvectorizer_fit_transform,110.71537380000518,111.27298630001314,113.23692765001395,9.29627459999756,ok,,0.1481998866889625,0.4275,0.0418320708420289,0.99,40,10,LDA,VNTC-CNTT
s3-cafebert-vietnamese-full-v1,4bbba1f8131d9c8ed741219255d2985be219ecc9b9368ad84e025bcac1cd840b,vntc-it,lda,42,50,3571,5afd099ef11ba4e02ae098427f8f68a242b00bad2e8ad0726aa09f174164f53b,1.9639413500008231,0.0,0.5576125000079628,E:\Development\NLP_S3\benchmark\cafebert_full\results\representation_cache\vntc-it_3571_5afd099ef11b_lexical.npz,countvectorizer_fit_transform,169.94678149999527,170.50439400000323,172.46833535000405,9.694307099998696,ok,,0.1413126684352755,0.42,0.0318548285609181,0.984,50,10,LDA,VNTC-CNTT
s3-cafebert-vietnamese-full-v1,4bbba1f8131d9c8ed741219255d2985be219ecc9b9368ad84e025bcac1cd840b,vntc-it,nmf,42,10,3571,5afd099ef11ba4e02ae098427f8f68a242b00bad2e8ad0726aa09f174164f53b,1.9639413500008231,0.0,0.5576125000079628,E:\Development\NLP_S3\benchmark\cafebert_full\results\representation_cache\vntc-it_3571_5afd099ef11b_lexical.npz,countvectorizer_fit_transform,0.9372146000096108,1.4948271000175737,3.458768450018397,10.13864969999122,ok,,0.1250004883855581,0.59,0.0245753113025902,1.0,10,10,NMF,VNTC-CNTT
s3-cafebert-vietnamese-full-v1,4bbba1f8131d9c8ed741219255d2985be219ecc9b9368ad84e025bcac1cd840b,vntc-it,nmf,42,20,3571,5afd099ef11ba4e02ae098427f8f68a242b00bad2e8ad0726aa09f174164f53b,1.9639413500008231,0.0,0.5576125000079628,E:\Development\NLP_S3\benchmark\cafebert_full\results\representation_cache\vntc-it_3571_5afd099ef11b_lexical.npz,countvectorizer_fit_transform,1.6510372000047937,2.2086497000127565,4.17259105001358,8.719467099988833,ok,,0.1190998934209346,0.575,0.0409166972081212,1.0,20,10,NMF,VNTC-CNTT
s3-cafebert-vietnamese-full-v1,4bbba1f8131d9c8ed741219255d2985be219ecc9b9368ad84e025bcac1cd840b,vntc-it,nmf,42,30,3571,5afd099ef11ba4e02ae098427f8f68a242b00bad2e8ad0726aa09f174164f53b,1.9639413500008231,0.0,0.5576125000079628,E:\Development\NLP_S3\benchmark\cafebert_full\results\representation_cache\vntc-it_3571_5afd099ef11b_lexical.npz,countvectorizer_fit_transform,4.649570400011726,5.2071829000196885,7.171124250020512,10.827893199995742,ok,,0.1234968957180778,0.5633333333333334,0.055331714656228,0.9933333333333332,30,10,NMF,VNTC-CNTT
s3-cafebert-vietnamese-full-v1,4bbba1f8131d9c8ed741219255d2985be219ecc9b9368ad84e025bcac1cd840b,vntc-it,nmf,42,40,3571,5afd099ef11ba4e02ae098427f8f68a242b00bad2e8ad0726aa09f174164f53b,1.9639413500008231,0.0,0.5576125000079628,E:\Development\NLP_S3\benchmark\cafebert_full\results\representation_cache\vntc-it_3571_5afd099ef11b_lexical.npz,countvectorizer_fit_transform,3.535188300011214,4.092800800019177,6.05674215002,10.176397499992165,ok,,0.1395793493837118,0.56,0.0659436344598943,0.995,40,10,NMF,VNTC-CNTT
s3-cafebert-vietnamese-full-v1,4bbba1f8131d9c8ed741219255d2985be219ecc9b9368ad84e025bcac1cd840b,vntc-it,nmf,42,50,3571,5afd099ef11ba4e02ae098427f8f68a242b00bad2e8ad0726aa09f174164f53b,1.9639413500008231,0.0,0.5576125000079628,E:\Development\NLP_S3\benchmark\cafebert_full\results\representation_cache\vntc-it_3571_5afd099ef11b_lexical.npz,countvectorizer_fit_transform,4.718786199999158,5.276398700007121,7.240340050007944,11.433052399996086,ok,,0.1360370969772338,0.562,0.0667268028312366,0.99,50,10,NMF,VNTC-CNTT
s3-cafebert-vietnamese-full-v1,4bbba1f8131d9c8ed741219255d2985be219ecc9b9368ad84e025bcac1cd840b,vntc-it,s3_angular,42,10,3571,5afd099ef11ba4e02ae098427f8f68a242b00bad2e8ad0726aa09f174164f53b,1.9639413500008231,4.211881200011703,5631.804003700003,E:\Development\NLP_S3\benchmark\cafebert_full\results\representation_cache\vntc-it_3571_87b6d555f6c4c55cced8.npy,cafebert_mean_encode,0.813420499995118,5632.617424199998,5638.79324675001,3.106092500005616,ok,,0.37503562271595,0.9,-0.3161725940118183,0.75,10,10,S³ angular,VNTC-CNTT
s3-cafebert-vietnamese-full-v1,4bbba1f8131d9c8ed741219255d2985be219ecc9b9368ad84e025bcac1cd840b,vntc-it,s3_angular,42,20,3571,5afd099ef11ba4e02ae098427f8f68a242b00bad2e8ad0726aa09f174164f53b,1.9639413500008231,4.211881200011703,5631.804003700003,E:\Development\NLP_S3\benchmark\cafebert_full\results\representation_cache\vntc-it_3571_87b6d555f6c4c55cced8.npy,cafebert_mean_encode,3.577129199999036,5635.381132900002,5641.556955450014,3.740616099996259,ok,,0.3161409061402082,0.835,-0.3183237584043785,0.885,20,10,S³ angular,VNTC-CNTT
s3-cafebert-vietnamese-full-v1,4bbba1f8131d9c8ed741219255d2985be219ecc9b9368ad84e025bcac1cd840b,vntc-it,s3_angular,42,30,3571,5afd099ef11ba4e02ae098427f8f68a242b00bad2e8ad0726aa09f174164f53b,1.9639413500008231,4.211881200011703,5631.804003700003,E:\Development\NLP_S3\benchmark\cafebert_full\results\representation_cache\vntc-it_3571_87b6d555f6c4c55cced8.npy,cafebert_mean_encode,1.6775118999939878,5633.481515599997,5639.657338150009,7.328147899999749,ok,,0.2921918407082557,0.9133333333333332,-0.3015072011551878,0.86,30,10,S³ angular,VNTC-CNTT
s3-cafebert-vietnamese-full-v1,4bbba1f8131d9c8ed741219255d2985be219ecc9b9368ad84e025bcac1cd840b,vntc-it,s3_angular,42,40,3571,5afd099ef11ba4e02ae098427f8f68a242b00bad2e8ad0726aa09f174164f53b,1.9639413500008231,4.211881200011703,5631.804003700003,E:\Development\NLP_S3\benchmark\cafebert_full\results\representation_cache\vntc-it_3571_87b6d555f6c4c55cced8.npy,cafebert_mean_encode,1.1010499999829335,5632.905053699986,5639.080876249998,5.07027690000541,ok,,0.2798967927694321,0.87,-0.3068111770602121,0.935,40,10,S³ angular,VNTC-CNTT
s3-cafebert-vietnamese-full-v1,4bbba1f8131d9c8ed741219255d2985be219ecc9b9368ad84e025bcac1cd840b,vntc-it,s3_angular,42,50,3571,5afd099ef11ba4e02ae098427f8f68a242b00bad2e8ad0726aa09f174164f53b,1.9639413500008231,4.211881200011703,5631.804003700003,E:\Development\NLP_S3\benchmark\cafebert_full\results\representation_cache\vntc-it_3571_87b6d555f6c4c55cced8.npy,cafebert_mean_encode,0.7643332999869017,5632.56833699999,5638.744159550002,4.968928399990546,ok,,0.3202722835540771,0.868,-0.3276035953616557,0.86,50,10,S³ angular,VNTC-CNTT
s3-cafebert-vietnamese-full-v1,4bbba1f8131d9c8ed741219255d2985be219ecc9b9368ad84e025bcac1cd840b,vntc-it,s3_axial,42,10,3571,5afd099ef11ba4e02ae098427f8f68a242b00bad2e8ad0726aa09f174164f53b,1.9639413500008231,4.211881200011703,5631.804003700003,E:\Development\NLP_S3\benchmark\cafebert_full\results\representation_cache\vntc-it_3571_87b6d555f6c4c55cced8.npy,cafebert_mean_encode,0.8131399999983842,5632.617143700001,5638.792966250014,3.156561199997668,ok,,0.3337922275066375,0.9,-0.3110642586611661,0.8,10,10,S³ axial,VNTC-CNTT
s3-cafebert-vietnamese-full-v1,4bbba1f8131d9c8ed741219255d2985be219ecc9b9368ad84e025bcac1cd840b,vntc-it,s3_axial,42,20,3571,5afd099ef11ba4e02ae098427f8f68a242b00bad2e8ad0726aa09f174164f53b,1.9639413500008231,4.211881200011703,5631.804003700003,E:\Development\NLP_S3\benchmark\cafebert_full\results\representation_cache\vntc-it_3571_87b6d555f6c4c55cced8.npy,cafebert_mean_encode,3.5781146000081208,5635.382118300011,5641.557940850023,4.311044300004141,ok,,0.305454233288765,0.835,-0.304327542468895,0.92,20,10,S³ axial,VNTC-CNTT
s3-cafebert-vietnamese-full-v1,4bbba1f8131d9c8ed741219255d2985be219ecc9b9368ad84e025bcac1cd840b,vntc-it,s3_axial,42,30,3571,5afd099ef11ba4e02ae098427f8f68a242b00bad2e8ad0726aa09f174164f53b,1.9639413500008231,4.211881200011703,5631.804003700003,E:\Development\NLP_S3\benchmark\cafebert_full\results\representation_cache\vntc-it_3571_87b6d555f6c4c55cced8.npy,cafebert_mean_encode,1.6743987000081688,5633.478402400011,5639.654224950024,6.7970459000061965,ok,,0.2817670986056327,0.8966666666666666,-0.292600009779978,0.8866666666666667,30,10,S³ axial,VNTC-CNTT
s3-cafebert-vietnamese-full-v1,4bbba1f8131d9c8ed741219255d2985be219ecc9b9368ad84e025bcac1cd840b,vntc-it,s3_axial,42,40,3571,5afd099ef11ba4e02ae098427f8f68a242b00bad2e8ad0726aa09f174164f53b,1.9639413500008231,4.211881200011703,5631.804003700003,E:\Development\NLP_S3\benchmark\cafebert_full\results\representation_cache\vntc-it_3571_87b6d555f6c4c55cced8.npy,cafebert_mean_encode,1.0991208999912487,5632.903124599994,5639.078947150007,5.158587199999602,ok,,0.282350780442357,0.8475,-0.3162918716319207,0.945,40,10,S³ axial,VNTC-CNTT
s3-cafebert-vietnamese-full-v1,4bbba1f8131d9c8ed741219255d2985be219ecc9b9368ad84e025bcac1cd840b,vntc-it,s3_axial,42,50,3571,5afd099ef11ba4e02ae098427f8f68a242b00bad2e8ad0726aa09f174164f53b,1.9639413500008231,4.211881200011703,5631.804003700003,E:\Development\NLP_S3\benchmark\cafebert_full\results\representation_cache\vntc-it_3571_87b6d555f6c4c55cced8.npy,cafebert_mean_encode,0.7617429999954766,5632.565746699998,5638.741569250011,4.84043229999952,ok,,0.3156366342306137,0.802,-0.3260975134945819,0.888,50,10,S³ axial,VNTC-CNTT
s3-cafebert-vietnamese-full-v1,4bbba1f8131d9c8ed741219255d2985be219ecc9b9368ad84e025bcac1cd840b,vntc-it,s3_combined,42,10,3571,5afd099ef11ba4e02ae098427f8f68a242b00bad2e8ad0726aa09f174164f53b,1.9639413500008231,4.211881200011703,5631.804003700003,E:\Development\NLP_S3\benchmark\cafebert_full\results\representation_cache\vntc-it_3571_87b6d555f6c4c55cced8.npy,cafebert_mean_encode,0.8136501999979373,5632.617653900001,5638.793476450013,3.1052134999918053,ok,,0.3689896821975708,0.9,-0.3154054390509931,0.75,10,10,S³ combined,VNTC-CNTT
s3-cafebert-vietnamese-full-v1,4bbba1f8131d9c8ed741219255d2985be219ecc9b9368ad84e025bcac1cd840b,vntc-it,s3_combined,42,20,3571,5afd099ef11ba4e02ae098427f8f68a242b00bad2e8ad0726aa09f174164f53b,1.9639413500008231,4.211881200011703,5631.804003700003,E:\Development\NLP_S3\benchmark\cafebert_full\results\representation_cache\vntc-it_3571_87b6d555f6c4c55cced8.npy,cafebert_mean_encode,3.5770484000095166,5635.381052100012,5641.556874650025,4.015367800006061,ok,,0.3048288404941559,0.835,-0.309731240962145,0.905,20,10,S³ combined,VNTC-CNTT
s3-cafebert-vietnamese-full-v1,4bbba1f8131d9c8ed741219255d2985be219ecc9b9368ad84e025bcac1cd840b,vntc-it,s3_combined,42,30,3571,5afd099ef11ba4e02ae098427f8f68a242b00bad2e8ad0726aa09f174164f53b,1.9639413500008231,4.211881200011703,5631.804003700003,E:\Development\NLP_S3\benchmark\cafebert_full\results\representation_cache\vntc-it_3571_87b6d555f6c4c55cced8.npy,cafebert_mean_encode,1.6791410000005271,5633.483144700003,5639.658967250016,7.933579899996403,ok,,0.2839234280089537,0.91,-0.2913319420710303,0.87,30,10,S³ combined,VNTC-CNTT
s3-cafebert-vietnamese-full-v1,4bbba1f8131d9c8ed741219255d2985be219ecc9b9368ad84e025bcac1cd840b,vntc-it,s3_combined,42,40,3571,5afd099ef11ba4e02ae098427f8f68a242b00bad2e8ad0726aa09f174164f53b,1.9639413500008231,4.211881200011703,5631.804003700003,E:\Development\NLP_S3\benchmark\cafebert_full\results\representation_cache\vntc-it_3571_87b6d555f6c4c55cced8.npy,cafebert_mean_encode,1.1013653999834787,5632.905369099986,5639.081191649999,5.315958099992713,ok,,0.2878678604960442,0.85,-0.3145880173963625,0.94,40,10,S³ combined,VNTC-CNTT
s3-cafebert-vietnamese-full-v1,4bbba1f8131d9c8ed741219255d2985be219ecc9b9368ad84e025bcac1cd840b,vntc-it,s3_combined,42,50,3571,5afd099ef11ba4e02ae098427f8f68a242b00bad2e8ad0726aa09f174164f53b,1.9639413500008231,4.211881200011703,5631.804003700003,E:\Development\NLP_S3\benchmark\cafebert_full\results\representation_cache\vntc-it_3571_87b6d555f6c4c55cced8.npy,cafebert_mean_encode,0.7650872999947751,5632.569090999998,5638.74491355001,4.621738300003926,ok,,0.3140055549144744,0.832,-0.3246366790081675,0.876,50,10,S³ combined,VNTC-CNTT
